DATE_FROM;DATE_TO;GATE_OPEN_TIME;GATE_COSURE_TIME;ALLOCATION_DEADLINE;TENDER_TYPE;ROUND;TYPE_OF_RESERVES;PRODUCT;TOTAL_DEMAND_[MW];GERMANY_DEMAND_[MW];GERMANY_CORE_PORTION_[MW];50HERTZ_CORE_PORTION_[MW];AMPRION_CORE_PORTION_[MW];TENNET_CORE_PORTION_[MW];TRANSNETBW_CORE_PORTION_[MW]
28.12.2015;03.01.2016;18.12.2015 12:00;22.12.2015 15:00;22.12.2015 16:00;WA;1;SRL;NEG_HT;2500;2500;0;0;0;0;0
28.12.2015;03.01.2016;18.12.2015 12:00;22.12.2015 15:00;22.12.2015 16:00;WA;1;SRL;NEG_NT;2500;2500;0;0;0;0;0
28.12.2015;03.01.2016;18.12.2015 12:00;22.12.2015 15:00;22.12.2015 16:00;WA;1;SRL;POS_HT;2500;2500;0;0;0;0;0
28.12.2015;03.01.2016;18.12.2015 12:00;22.12.2015 15:00;22.12.2015 16:00;WA;1;SRL;POS_NT;2500;2500;0;0;0;0;0
04.01.2016;10.01.2016;23.12.2015 12:00;29.12.2015 15:00;29.12.2015 16:00;WA;1;SRL;NEG_HT;1979;1979;0;0;0;0;0
04.01.2016;10.01.2016;23.12.2015 12:00;29.12.2015 15:00;29.12.2015 16:00;WA;1;SRL;NEG_NT;1979;1979;0;0;0;0;0
04.01.2016;10.01.2016;23.12.2015 12:00;29.12.2015 15:00;29.12.2015 16:00;WA;1;SRL;POS_HT;2054;2054;0;0;0;0;0
04.01.2016;10.01.2016;23.12.2015 12:00;29.12.2015 15:00;29.12.2015 16:00;WA;1;SRL;POS_NT;2054;2054;0;0;0;0;0
11.01.2016;17.01.2016;30.12.2015 12:00;05.01.2016 15:00;05.01.2016 16:00;WA;1;SRL;NEG_HT;1979;1979;0;0;0;0;0
11.01.2016;17.01.2016;30.12.2015 12:00;05.01.2016 15:00;05.01.2016 16:00;WA;1;SRL;NEG_NT;1979;1979;0;0;0;0;0
11.01.2016;17.01.2016;30.12.2015 12:00;05.01.2016 15:00;05.01.2016 16:00;WA;1;SRL;POS_HT;2054;2054;0;0;0;0;0
11.01.2016;17.01.2016;30.12.2015 12:00;05.01.2016 15:00;05.01.2016 16:00;WA;1;SRL;POS_NT;2054;2054;0;0;0;0;0
18.01.2016;24.01.2016;08.01.2016 12:00;13.01.2016 15:00;13.01.2016 16:00;WA;1;SRL;NEG_HT;1979;1979;0;0;0;0;0
18.01.2016;24.01.2016;08.01.2016 12:00;13.01.2016 15:00;13.01.2016 16:00;WA;1;SRL;NEG_NT;1979;1979;0;0;0;0;0
18.01.2016;24.01.2016;08.01.2016 12:00;13.01.2016 15:00;13.01.2016 16:00;WA;1;SRL;POS_HT;2054;2054;0;0;0;0;0
18.01.2016;24.01.2016;08.01.2016 12:00;13.01.2016 15:00;13.01.2016 16:00;WA;1;SRL;POS_NT;2054;2054;0;0;0;0;0
25.01.2016;31.01.2016;15.01.2016 12:00;20.01.2016 15:00;20.01.2016 16:00;WA;1;SRL;NEG_HT;1979;1979;0;0;0;0;0
25.01.2016;31.01.2016;15.01.2016 12:00;20.01.2016 15:00;20.01.2016 16:00;WA;1;SRL;NEG_NT;1979;1979;0;0;0;0;0
25.01.2016;31.01.2016;15.01.2016 12:00;20.01.2016 15:00;20.01.2016 16:00;WA;1;SRL;POS_HT;2054;2054;0;0;0;0;0
25.01.2016;31.01.2016;15.01.2016 12:00;20.01.2016 15:00;20.01.2016 16:00;WA;1;SRL;POS_NT;2054;2054;0;0;0;0;0
01.02.2016;07.02.2016;22.01.2016 12:00;27.01.2016 15:00;27.01.2016 16:00;WA;1;SRL;NEG_HT;1979;1979;0;0;0;0;0
01.02.2016;07.02.2016;22.01.2016 12:00;27.01.2016 15:00;27.01.2016 16:00;WA;1;SRL;NEG_NT;1979;1979;0;0;0;0;0
01.02.2016;07.02.2016;22.01.2016 12:00;27.01.2016 15:00;27.01.2016 16:00;WA;1;SRL;POS_HT;2054;2054;0;0;0;0;0
01.02.2016;07.02.2016;22.01.2016 12:00;27.01.2016 15:00;27.01.2016 16:00;WA;1;SRL;POS_NT;2054;2054;0;0;0;0;0
08.02.2016;14.02.2016;29.01.2016 12:00;03.02.2016 15:00;03.02.2016 16:00;WA;1;SRL;NEG_HT;1979;1979;0;0;0;0;0
08.02.2016;14.02.2016;29.01.2016 12:00;03.02.2016 15:00;03.02.2016 16:00;WA;1;SRL;NEG_NT;1979;1979;0;0;0;0;0
08.02.2016;14.02.2016;29.01.2016 12:00;03.02.2016 15:00;03.02.2016 16:00;WA;1;SRL;POS_HT;2054;2054;0;0;0;0;0
08.02.2016;14.02.2016;29.01.2016 12:00;03.02.2016 15:00;03.02.2016 16:00;WA;1;SRL;POS_NT;2054;2054;0;0;0;0;0
15.02.2016;21.02.2016;05.02.2016 12:00;10.02.2016 15:00;10.02.2016 16:00;WA;1;SRL;NEG_HT;1979;1979;0;0;0;0;0
15.02.2016;21.02.2016;05.02.2016 12:00;10.02.2016 15:00;10.02.2016 16:00;WA;1;SRL;NEG_NT;1979;1979;0;0;0;0;0
15.02.2016;21.02.2016;05.02.2016 12:00;10.02.2016 15:00;10.02.2016 16:00;WA;1;SRL;POS_HT;2054;2054;0;0;0;0;0
15.02.2016;21.02.2016;05.02.2016 12:00;10.02.2016 15:00;10.02.2016 16:00;WA;1;SRL;POS_NT;2054;2054;0;0;0;0;0
22.02.2016;28.02.2016;12.02.2016 12:00;17.02.2016 15:00;17.02.2016 16:00;WA;1;SRL;NEG_HT;1979;1979;0;0;0;0;0
22.02.2016;28.02.2016;12.02.2016 12:00;17.02.2016 15:00;17.02.2016 16:00;WA;1;SRL;NEG_NT;1979;1979;0;0;0;0;0
22.02.2016;28.02.2016;12.02.2016 12:00;17.02.2016 15:00;17.02.2016 16:00;WA;1;SRL;POS_HT;2054;2054;0;0;0;0;0
22.02.2016;28.02.2016;12.02.2016 12:00;17.02.2016 15:00;17.02.2016 16:00;WA;1;SRL;POS_NT;2054;2054;0;0;0;0;0
29.02.2016;06.03.2016;19.02.2016 12:00;24.02.2016 15:00;24.02.2016 16:00;WA;1;SRL;NEG_HT;1979;1979;0;0;0;0;0
29.02.2016;06.03.2016;19.02.2016 12:00;24.02.2016 15:00;24.02.2016 16:00;WA;1;SRL;NEG_NT;1979;1979;0;0;0;0;0
29.02.2016;06.03.2016;19.02.2016 12:00;24.02.2016 15:00;24.02.2016 16:00;WA;1;SRL;POS_HT;2054;2054;0;0;0;0;0
29.02.2016;06.03.2016;19.02.2016 12:00;24.02.2016 15:00;24.02.2016 16:00;WA;1;SRL;POS_NT;2054;2054;0;0;0;0;0
07.03.2016;13.03.2016;26.02.2016 12:00;02.03.2016 15:00;02.03.2016 16:00;WA;1;SRL;NEG_HT;1979;1979;0;0;0;0;0
07.03.2016;13.03.2016;26.02.2016 12:00;02.03.2016 15:00;02.03.2016 16:00;WA;1;SRL;NEG_NT;1979;1979;0;0;0;0;0
07.03.2016;13.03.2016;26.02.2016 12:00;02.03.2016 15:00;02.03.2016 16:00;WA;1;SRL;POS_HT;2054;2054;0;0;0;0;0
07.03.2016;13.03.2016;26.02.2016 12:00;02.03.2016 15:00;02.03.2016 16:00;WA;1;SRL;POS_NT;2054;2054;0;0;0;0;0
14.03.2016;20.03.2016;04.03.2016 12:00;09.03.2016 15:00;09.03.2016 16:00;WA;1;SRL;NEG_HT;1979;1979;0;0;0;0;0
14.03.2016;20.03.2016;04.03.2016 12:00;09.03.2016 15:00;09.03.2016 16:00;WA;1;SRL;NEG_NT;1979;1979;0;0;0;0;0
14.03.2016;20.03.2016;04.03.2016 12:00;09.03.2016 15:00;09.03.2016 16:00;WA;1;SRL;POS_HT;2054;2054;0;0;0;0;0
14.03.2016;20.03.2016;04.03.2016 12:00;09.03.2016 15:00;09.03.2016 16:00;WA;1;SRL;POS_NT;2054;2054;0;0;0;0;0
21.03.2016;27.03.2016;11.03.2016 12:00;16.03.2016 15:00;16.03.2016 16:00;WA;1;SRL;NEG_HT;1979;1979;0;0;0;0;0
21.03.2016;27.03.2016;11.03.2016 12:00;16.03.2016 15:00;16.03.2016 16:00;WA;1;SRL;NEG_NT;1979;1979;0;0;0;0;0
21.03.2016;27.03.2016;11.03.2016 12:00;16.03.2016 15:00;16.03.2016 16:00;WA;1;SRL;POS_HT;2054;2054;0;0;0;0;0
21.03.2016;27.03.2016;11.03.2016 12:00;16.03.2016 15:00;16.03.2016 16:00;WA;1;SRL;POS_NT;2054;2054;0;0;0;0;0
28.03.2016;03.04.2016;18.03.2016 12:00;23.03.2016 15:00;23.03.2016 16:00;WA;1;SRL;NEG_HT;1979;1979;0;0;0;0;0
28.03.2016;03.04.2016;18.03.2016 12:00;23.03.2016 15:00;23.03.2016 16:00;WA;1;SRL;NEG_NT;1979;1979;0;0;0;0;0
28.03.2016;03.04.2016;18.03.2016 12:00;23.03.2016 15:00;23.03.2016 16:00;WA;1;SRL;POS_HT;2054;2054;0;0;0;0;0
28.03.2016;03.04.2016;18.03.2016 12:00;23.03.2016 15:00;23.03.2016 16:00;WA;1;SRL;POS_NT;2054;2054;0;0;0;0;0
04.04.2016;10.04.2016;24.03.2016 12:00;30.03.2016 15:00;30.03.2016 16:00;WA;1;SRL;NEG_HT;1904;1904;0;0;0;0;0
04.04.2016;10.04.2016;24.03.2016 12:00;30.03.2016 15:00;30.03.2016 16:00;WA;1;SRL;NEG_NT;1904;1904;0;0;0;0;0
04.04.2016;10.04.2016;24.03.2016 12:00;30.03.2016 15:00;30.03.2016 16:00;WA;1;SRL;POS_HT;1973;1973;0;0;0;0;0
04.04.2016;10.04.2016;24.03.2016 12:00;30.03.2016 15:00;30.03.2016 16:00;WA;1;SRL;POS_NT;1973;1973;0;0;0;0;0
11.04.2016;17.04.2016;01.04.2016 12:00;06.04.2016 15:00;06.04.2016 16:00;WA;1;SRL;NEG_HT;1904;1904;0;0;0;0;0
11.04.2016;17.04.2016;01.04.2016 12:00;06.04.2016 15:00;06.04.2016 16:00;WA;1;SRL;NEG_NT;1904;1904;0;0;0;0;0
11.04.2016;17.04.2016;01.04.2016 12:00;06.04.2016 15:00;06.04.2016 16:00;WA;1;SRL;POS_HT;1973;1973;0;0;0;0;0
11.04.2016;17.04.2016;01.04.2016 12:00;06.04.2016 15:00;06.04.2016 16:00;WA;1;SRL;POS_NT;1973;1973;0;0;0;0;0
18.04.2016;24.04.2016;08.04.2016 12:00;13.04.2016 15:00;13.04.2016 16:00;WA;1;SRL;NEG_HT;1904;1904;0;0;0;0;0
18.04.2016;24.04.2016;08.04.2016 12:00;13.04.2016 15:00;13.04.2016 16:00;WA;1;SRL;NEG_NT;1904;1904;0;0;0;0;0
18.04.2016;24.04.2016;08.04.2016 12:00;13.04.2016 15:00;13.04.2016 16:00;WA;1;SRL;POS_HT;1973;1973;0;0;0;0;0
18.04.2016;24.04.2016;08.04.2016 12:00;13.04.2016 15:00;13.04.2016 16:00;WA;1;SRL;POS_NT;1973;1973;0;0;0;0;0
25.04.2016;01.05.2016;15.04.2016 12:00;20.04.2016 15:00;20.04.2016 16:00;WA;1;SRL;NEG_HT;1904;1904;0;0;0;0;0
25.04.2016;01.05.2016;15.04.2016 12:00;20.04.2016 15:00;20.04.2016 16:00;WA;1;SRL;NEG_NT;1904;1904;0;0;0;0;0
25.04.2016;01.05.2016;15.04.2016 12:00;20.04.2016 15:00;20.04.2016 16:00;WA;1;SRL;POS_HT;1973;1973;0;0;0;0;0
25.04.2016;01.05.2016;15.04.2016 12:00;20.04.2016 15:00;20.04.2016 16:00;WA;1;SRL;POS_NT;1973;1973;0;0;0;0;0
02.05.2016;08.05.2016;22.04.2016 12:00;27.04.2016 15:00;27.04.2016 16:00;WA;1;SRL;NEG_HT;1904;1904;0;0;0;0;0
02.05.2016;08.05.2016;22.04.2016 12:00;27.04.2016 15:00;27.04.2016 16:00;WA;1;SRL;NEG_NT;1904;1904;0;0;0;0;0
02.05.2016;08.05.2016;22.04.2016 12:00;27.04.2016 15:00;27.04.2016 16:00;WA;1;SRL;POS_HT;1973;1973;0;0;0;0;0
02.05.2016;08.05.2016;22.04.2016 12:00;27.04.2016 15:00;27.04.2016 16:00;WA;1;SRL;POS_NT;1973;1973;0;0;0;0;0
09.05.2016;15.05.2016;29.04.2016 12:00;03.05.2016 15:00;03.05.2016 16:00;WA;1;SRL;NEG_HT;1904;1904;0;0;0;0;0
09.05.2016;15.05.2016;29.04.2016 12:00;03.05.2016 15:00;03.05.2016 16:00;WA;1;SRL;NEG_NT;1904;1904;0;0;0;0;0
09.05.2016;15.05.2016;29.04.2016 12:00;03.05.2016 15:00;03.05.2016 16:00;WA;1;SRL;POS_HT;1973;1973;0;0;0;0;0
09.05.2016;15.05.2016;29.04.2016 12:00;03.05.2016 15:00;03.05.2016 16:00;WA;1;SRL;POS_NT;1973;1973;0;0;0;0;0
16.05.2016;22.05.2016;06.05.2016 12:00;11.05.2016 15:00;11.05.2016 16:00;WA;1;SRL;NEG_HT;1904;1904;0;0;0;0;0
16.05.2016;22.05.2016;06.05.2016 12:00;11.05.2016 15:00;11.05.2016 16:00;WA;1;SRL;NEG_NT;1904;1904;0;0;0;0;0
16.05.2016;22.05.2016;06.05.2016 12:00;11.05.2016 15:00;11.05.2016 16:00;WA;1;SRL;POS_HT;1973;1973;0;0;0;0;0
16.05.2016;22.05.2016;06.05.2016 12:00;11.05.2016 15:00;11.05.2016 16:00;WA;1;SRL;POS_NT;1973;1973;0;0;0;0;0
23.05.2016;29.05.2016;13.05.2016 12:00;18.05.2016 15:00;18.05.2016 16:00;WA;1;SRL;NEG_HT;1904;1904;0;0;0;0;0
23.05.2016;29.05.2016;13.05.2016 12:00;18.05.2016 15:00;18.05.2016 16:00;WA;1;SRL;NEG_NT;1904;1904;0;0;0;0;0
23.05.2016;29.05.2016;13.05.2016 12:00;18.05.2016 15:00;18.05.2016 16:00;WA;1;SRL;POS_HT;1973;1973;0;0;0;0;0
23.05.2016;29.05.2016;13.05.2016 12:00;18.05.2016 15:00;18.05.2016 16:00;WA;1;SRL;POS_NT;1973;1973;0;0;0;0;0
30.05.2016;05.06.2016;20.05.2016 12:00;24.05.2016 15:00;24.05.2016 16:00;WA;1;SRL;NEG_HT;1904;1904;0;0;0;0;0
30.05.2016;05.06.2016;20.05.2016 12:00;24.05.2016 15:00;24.05.2016 16:00;WA;1;SRL;NEG_NT;1904;1904;0;0;0;0;0
30.05.2016;05.06.2016;20.05.2016 12:00;24.05.2016 15:00;24.05.2016 16:00;WA;1;SRL;POS_HT;1973;1973;0;0;0;0;0
30.05.2016;05.06.2016;20.05.2016 12:00;24.05.2016 15:00;24.05.2016 16:00;WA;1;SRL;POS_NT;1973;1973;0;0;0;0;0
06.06.2016;12.06.2016;27.05.2016 12:00;01.06.2016 15:00;01.06.2016 16:00;WA;1;SRL;NEG_HT;1904;1904;0;0;0;0;0
06.06.2016;12.06.2016;27.05.2016 12:00;01.06.2016 15:00;01.06.2016 16:00;WA;1;SRL;NEG_NT;1904;1904;0;0;0;0;0
06.06.2016;12.06.2016;27.05.2016 12:00;01.06.2016 15:00;01.06.2016 16:00;WA;1;SRL;POS_HT;1973;1973;0;0;0;0;0
06.06.2016;12.06.2016;27.05.2016 12:00;01.06.2016 15:00;01.06.2016 16:00;WA;1;SRL;POS_NT;1973;1973;0;0;0;0;0
13.06.2016;19.06.2016;03.06.2016 12:00;08.06.2016 15:00;08.06.2016 16:00;WA;1;SRL;NEG_HT;1904;1904;0;0;0;0;0
13.06.2016;19.06.2016;03.06.2016 12:00;08.06.2016 15:00;08.06.2016 16:00;WA;1;SRL;NEG_NT;1904;1904;0;0;0;0;0
13.06.2016;19.06.2016;03.06.2016 12:00;08.06.2016 15:00;08.06.2016 16:00;WA;1;SRL;POS_HT;1973;1973;0;0;0;0;0
13.06.2016;19.06.2016;03.06.2016 12:00;08.06.2016 15:00;08.06.2016 16:00;WA;1;SRL;POS_NT;1973;1973;0;0;0;0;0
20.06.2016;26.06.2016;10.06.2016 12:00;15.06.2016 15:00;15.06.2016 16:00;WA;1;SRL;NEG_HT;1904;1904;0;0;0;0;0
20.06.2016;26.06.2016;10.06.2016 12:00;15.06.2016 15:00;15.06.2016 16:00;WA;1;SRL;NEG_NT;1904;1904;0;0;0;0;0
20.06.2016;26.06.2016;10.06.2016 12:00;15.06.2016 15:00;15.06.2016 16:00;WA;1;SRL;POS_HT;1973;1973;0;0;0;0;0
20.06.2016;26.06.2016;10.06.2016 12:00;15.06.2016 15:00;15.06.2016 16:00;WA;1;SRL;POS_NT;1973;1973;0;0;0;0;0
27.06.2016;03.07.2016;17.06.2016 12:00;22.06.2016 15:00;22.06.2016 16:00;WA;1;SRL;NEG_HT;1904;1904;0;0;0;0;0
27.06.2016;03.07.2016;17.06.2016 12:00;22.06.2016 15:00;22.06.2016 16:00;WA;1;SRL;NEG_NT;1904;1904;0;0;0;0;0
27.06.2016;03.07.2016;17.06.2016 12:00;22.06.2016 15:00;22.06.2016 16:00;WA;1;SRL;POS_HT;1973;1973;0;0;0;0;0
27.06.2016;03.07.2016;17.06.2016 12:00;22.06.2016 15:00;22.06.2016 16:00;WA;1;SRL;POS_NT;1973;1973;0;0;0;0;0
04.07.2016;10.07.2016;24.06.2016 12:00;29.06.2016 15:00;29.06.2016 16:00;WA;1;SRL;NEG_HT;1962;1962;0;0;0;0;0
04.07.2016;10.07.2016;24.06.2016 12:00;29.06.2016 15:00;29.06.2016 16:00;WA;1;SRL;NEG_NT;1962;1962;0;0;0;0;0
04.07.2016;10.07.2016;24.06.2016 12:00;29.06.2016 15:00;29.06.2016 16:00;WA;1;SRL;POS_HT;2031;2031;0;0;0;0;0
04.07.2016;10.07.2016;24.06.2016 12:00;29.06.2016 15:00;29.06.2016 16:00;WA;1;SRL;POS_NT;2031;2031;0;0;0;0;0
11.07.2016;17.07.2016;01.07.2016 12:00;06.07.2016 15:00;06.07.2016 16:00;WA;1;SRL;NEG_HT;1962;1962;0;0;0;0;0
11.07.2016;17.07.2016;01.07.2016 12:00;06.07.2016 15:00;06.07.2016 16:00;WA;1;SRL;NEG_NT;1962;1962;0;0;0;0;0
11.07.2016;17.07.2016;01.07.2016 12:00;06.07.2016 15:00;06.07.2016 16:00;WA;1;SRL;POS_HT;2031;2031;0;0;0;0;0
11.07.2016;17.07.2016;01.07.2016 12:00;06.07.2016 15:00;06.07.2016 16:00;WA;1;SRL;POS_NT;2031;2031;0;0;0;0;0
18.07.2016;24.07.2016;08.07.2016 12:00;13.07.2016 15:00;13.07.2016 16:00;WA;1;SRL;NEG_HT;1962;1962;0;0;0;0;0
18.07.2016;24.07.2016;08.07.2016 12:00;13.07.2016 15:00;13.07.2016 16:00;WA;1;SRL;NEG_NT;1962;1962;0;0;0;0;0
18.07.2016;24.07.2016;08.07.2016 12:00;13.07.2016 15:00;13.07.2016 16:00;WA;1;SRL;POS_HT;2031;2031;0;0;0;0;0
18.07.2016;24.07.2016;08.07.2016 12:00;13.07.2016 15:00;13.07.2016 16:00;WA;1;SRL;POS_NT;2031;2031;0;0;0;0;0
25.07.2016;31.07.2016;15.07.2016 12:00;20.07.2016 15:00;20.07.2016 16:00;WA;1;SRL;NEG_HT;1962;1962;0;0;0;0;0
25.07.2016;31.07.2016;15.07.2016 12:00;20.07.2016 15:00;20.07.2016 16:00;WA;1;SRL;NEG_NT;1962;1962;0;0;0;0;0
25.07.2016;31.07.2016;15.07.2016 12:00;20.07.2016 15:00;20.07.2016 16:00;WA;1;SRL;POS_HT;2031;2031;0;0;0;0;0
25.07.2016;31.07.2016;15.07.2016 12:00;20.07.2016 15:00;20.07.2016 16:00;WA;1;SRL;POS_NT;2031;2031;0;0;0;0;0
01.08.2016;07.08.2016;22.07.2016 12:00;27.07.2016 15:00;27.07.2016 16:00;WA;1;SRL;NEG_HT;1962;1962;0;0;0;0;0
01.08.2016;07.08.2016;22.07.2016 12:00;27.07.2016 15:00;27.07.2016 16:00;WA;1;SRL;NEG_NT;1962;1962;0;0;0;0;0
01.08.2016;07.08.2016;22.07.2016 12:00;27.07.2016 15:00;27.07.2016 16:00;WA;1;SRL;POS_HT;2031;2031;0;0;0;0;0
01.08.2016;07.08.2016;22.07.2016 12:00;27.07.2016 15:00;27.07.2016 16:00;WA;1;SRL;POS_NT;2031;2031;0;0;0;0;0
08.08.2016;14.08.2016;29.07.2016 12:00;03.08.2016 15:00;03.08.2016 16:00;WA;1;SRL;NEG_HT;1962;1962;0;0;0;0;0
08.08.2016;14.08.2016;29.07.2016 12:00;03.08.2016 15:00;03.08.2016 16:00;WA;1;SRL;NEG_NT;1962;1962;0;0;0;0;0
08.08.2016;14.08.2016;29.07.2016 12:00;03.08.2016 15:00;03.08.2016 16:00;WA;1;SRL;POS_HT;2031;2031;0;0;0;0;0
08.08.2016;14.08.2016;29.07.2016 12:00;03.08.2016 15:00;03.08.2016 16:00;WA;1;SRL;POS_NT;2031;2031;0;0;0;0;0
15.08.2016;21.08.2016;05.08.2016 12:00;10.08.2016 15:00;10.08.2016 16:00;WA;1;SRL;NEG_HT;1962;1962;0;0;0;0;0
15.08.2016;21.08.2016;05.08.2016 12:00;10.08.2016 15:00;10.08.2016 16:00;WA;1;SRL;NEG_NT;1962;1962;0;0;0;0;0
15.08.2016;21.08.2016;05.08.2016 12:00;10.08.2016 15:00;10.08.2016 16:00;WA;1;SRL;POS_HT;2031;2031;0;0;0;0;0
15.08.2016;21.08.2016;05.08.2016 12:00;10.08.2016 15:00;10.08.2016 16:00;WA;1;SRL;POS_NT;2031;2031;0;0;0;0;0
22.08.2016;28.08.2016;12.08.2016 12:00;17.08.2016 15:00;17.08.2016 16:00;WA;1;SRL;NEG_HT;1962;1962;0;0;0;0;0
22.08.2016;28.08.2016;12.08.2016 12:00;17.08.2016 15:00;17.08.2016 16:00;WA;1;SRL;NEG_NT;1962;1962;0;0;0;0;0
22.08.2016;28.08.2016;12.08.2016 12:00;17.08.2016 15:00;17.08.2016 16:00;WA;1;SRL;POS_HT;2031;2031;0;0;0;0;0
22.08.2016;28.08.2016;12.08.2016 12:00;17.08.2016 15:00;17.08.2016 16:00;WA;1;SRL;POS_NT;2031;2031;0;0;0;0;0
29.08.2016;04.09.2016;19.08.2016 12:00;24.08.2016 15:00;24.08.2016 16:00;WA;1;SRL;NEG_HT;1962;1962;0;0;0;0;0
29.08.2016;04.09.2016;19.08.2016 12:00;24.08.2016 15:00;24.08.2016 16:00;WA;1;SRL;NEG_NT;1962;1962;0;0;0;0;0
29.08.2016;04.09.2016;19.08.2016 12:00;24.08.2016 15:00;24.08.2016 16:00;WA;1;SRL;POS_HT;2031;2031;0;0;0;0;0
29.08.2016;04.09.2016;19.08.2016 12:00;24.08.2016 15:00;24.08.2016 16:00;WA;1;SRL;POS_NT;2031;2031;0;0;0;0;0
05.09.2016;11.09.2016;26.08.2016 12:00;31.08.2016 15:00;31.08.2016 16:00;WA;1;SRL;NEG_HT;1962;1962;0;0;0;0;0
05.09.2016;11.09.2016;26.08.2016 12:00;31.08.2016 15:00;31.08.2016 16:00;WA;1;SRL;NEG_NT;1962;1962;0;0;0;0;0
05.09.2016;11.09.2016;26.08.2016 12:00;31.08.2016 15:00;31.08.2016 16:00;WA;1;SRL;POS_HT;2031;2031;0;0;0;0;0
05.09.2016;11.09.2016;26.08.2016 12:00;31.08.2016 15:00;31.08.2016 16:00;WA;1;SRL;POS_NT;2031;2031;0;0;0;0;0
12.09.2016;18.09.2016;02.09.2016 12:00;07.09.2016 15:00;07.09.2016 16:00;WA;1;SRL;NEG_HT;1962;1962;0;0;0;0;0
12.09.2016;18.09.2016;02.09.2016 12:00;07.09.2016 15:00;07.09.2016 16:00;WA;1;SRL;NEG_NT;1962;1962;0;0;0;0;0
12.09.2016;18.09.2016;02.09.2016 12:00;07.09.2016 15:00;07.09.2016 16:00;WA;1;SRL;POS_HT;2031;2031;0;0;0;0;0
12.09.2016;18.09.2016;02.09.2016 12:00;07.09.2016 15:00;07.09.2016 16:00;WA;1;SRL;POS_NT;2031;2031;0;0;0;0;0
19.09.2016;25.09.2016;09.09.2016 12:00;14.09.2016 15:00;14.09.2016 16:00;WA;1;SRL;NEG_HT;1962;1962;0;0;0;0;0
19.09.2016;25.09.2016;09.09.2016 12:00;14.09.2016 15:00;14.09.2016 16:00;WA;1;SRL;NEG_NT;1962;1962;0;0;0;0;0
19.09.2016;25.09.2016;09.09.2016 12:00;14.09.2016 15:00;14.09.2016 16:00;WA;1;SRL;POS_HT;2031;2031;0;0;0;0;0
19.09.2016;25.09.2016;09.09.2016 12:00;14.09.2016 15:00;14.09.2016 16:00;WA;1;SRL;POS_NT;2031;2031;0;0;0;0;0
26.09.2016;02.10.2016;16.09.2016 12:00;21.09.2016 15:00;21.09.2016 16:00;WA;1;SRL;NEG_HT;1962;1962;0;0;0;0;0
26.09.2016;02.10.2016;16.09.2016 12:00;21.09.2016 15:00;21.09.2016 16:00;WA;1;SRL;NEG_NT;1962;1962;0;0;0;0;0
26.09.2016;02.10.2016;16.09.2016 12:00;21.09.2016 15:00;21.09.2016 16:00;WA;1;SRL;POS_HT;2031;2031;0;0;0;0;0
26.09.2016;02.10.2016;16.09.2016 12:00;21.09.2016 15:00;21.09.2016 16:00;WA;1;SRL;POS_NT;2031;2031;0;0;0;0;0
03.10.2016;09.10.2016;23.09.2016 12:00;28.09.2016 15:00;28.09.2016 16:00;WA;1;SRL;NEG_HT;1907;1907;0;0;0;0;0
03.10.2016;09.10.2016;23.09.2016 12:00;28.09.2016 15:00;28.09.2016 16:00;WA;1;SRL;NEG_NT;1907;1907;0;0;0;0;0
03.10.2016;09.10.2016;23.09.2016 12:00;28.09.2016 15:00;28.09.2016 16:00;WA;1;SRL;POS_HT;1976;1976;0;0;0;0;0
03.10.2016;09.10.2016;23.09.2016 12:00;28.09.2016 15:00;28.09.2016 16:00;WA;1;SRL;POS_NT;1976;1976;0;0;0;0;0
10.10.2016;16.10.2016;30.09.2016 12:00;05.10.2016 15:00;05.10.2016 16:00;WA;1;SRL;NEG_HT;1907;1907;0;0;0;0;0
10.10.2016;16.10.2016;30.09.2016 12:00;05.10.2016 15:00;05.10.2016 16:00;WA;1;SRL;NEG_NT;1907;1907;0;0;0;0;0
10.10.2016;16.10.2016;30.09.2016 12:00;05.10.2016 15:00;05.10.2016 16:00;WA;1;SRL;POS_HT;1976;1976;0;0;0;0;0
10.10.2016;16.10.2016;30.09.2016 12:00;05.10.2016 15:00;05.10.2016 16:00;WA;1;SRL;POS_NT;1976;1976;0;0;0;0;0
17.10.2016;23.10.2016;07.10.2016 12:00;12.10.2016 15:00;12.10.2016 16:00;WA;1;SRL;NEG_HT;1907;1907;0;0;0;0;0
17.10.2016;23.10.2016;07.10.2016 12:00;12.10.2016 15:00;12.10.2016 16:00;WA;1;SRL;NEG_NT;1907;1907;0;0;0;0;0
17.10.2016;23.10.2016;07.10.2016 12:00;12.10.2016 15:00;12.10.2016 16:00;WA;1;SRL;POS_HT;1976;1976;0;0;0;0;0
17.10.2016;23.10.2016;07.10.2016 12:00;12.10.2016 15:00;12.10.2016 16:00;WA;1;SRL;POS_NT;1976;1976;0;0;0;0;0
24.10.2016;30.10.2016;14.10.2016 12:00;19.10.2016 15:00;19.10.2016 16:00;WA;1;SRL;NEG_HT;1907;1907;0;0;0;0;0
24.10.2016;30.10.2016;14.10.2016 12:00;19.10.2016 15:00;19.10.2016 16:00;WA;1;SRL;NEG_NT;1907;1907;0;0;0;0;0
24.10.2016;30.10.2016;14.10.2016 12:00;19.10.2016 15:00;19.10.2016 16:00;WA;1;SRL;POS_HT;1976;1976;0;0;0;0;0
24.10.2016;30.10.2016;14.10.2016 12:00;19.10.2016 15:00;19.10.2016 16:00;WA;1;SRL;POS_NT;1976;1976;0;0;0;0;0
31.10.2016;06.11.2016;21.10.2016 12:00;25.10.2016 15:00;25.10.2016 16:00;WA;1;SRL;NEG_HT;1907;1907;0;0;0;0;0
31.10.2016;06.11.2016;21.10.2016 12:00;25.10.2016 15:00;25.10.2016 16:00;WA;1;SRL;NEG_NT;1907;1907;0;0;0;0;0
31.10.2016;06.11.2016;21.10.2016 12:00;25.10.2016 15:00;25.10.2016 16:00;WA;1;SRL;POS_HT;1976;1976;0;0;0;0;0
31.10.2016;06.11.2016;21.10.2016 12:00;25.10.2016 15:00;25.10.2016 16:00;WA;1;SRL;POS_NT;1976;1976;0;0;0;0;0
07.11.2016;13.11.2016;28.10.2016 12:00;03.11.2016 15:00;03.11.2016 16:00;WA;1;SRL;NEG_HT;1907;1907;0;0;0;0;0
07.11.2016;13.11.2016;28.10.2016 12:00;03.11.2016 15:00;03.11.2016 16:00;WA;1;SRL;NEG_NT;1907;1907;0;0;0;0;0
07.11.2016;13.11.2016;28.10.2016 12:00;03.11.2016 15:00;03.11.2016 16:00;WA;1;SRL;POS_HT;1976;1976;0;0;0;0;0
07.11.2016;13.11.2016;28.10.2016 12:00;03.11.2016 15:00;03.11.2016 16:00;WA;1;SRL;POS_NT;1976;1976;0;0;0;0;0
14.11.2016;20.11.2016;04.11.2016 12:00;09.11.2016 15:00;09.11.2016 16:00;WA;1;SRL;NEG_HT;1907;1907;0;0;0;0;0
14.11.2016;20.11.2016;04.11.2016 12:00;09.11.2016 15:00;09.11.2016 16:00;WA;1;SRL;NEG_NT;1907;1907;0;0;0;0;0
14.11.2016;20.11.2016;04.11.2016 12:00;09.11.2016 15:00;09.11.2016 16:00;WA;1;SRL;POS_HT;1976;1976;0;0;0;0;0
14.11.2016;20.11.2016;04.11.2016 12:00;09.11.2016 15:00;09.11.2016 16:00;WA;1;SRL;POS_NT;1976;1976;0;0;0;0;0
21.11.2016;27.11.2016;11.11.2016 12:00;16.11.2016 15:00;16.11.2016 16:00;WA;1;SRL;NEG_HT;1907;1907;0;0;0;0;0
21.11.2016;27.11.2016;11.11.2016 12:00;16.11.2016 15:00;16.11.2016 16:00;WA;1;SRL;NEG_NT;1907;1907;0;0;0;0;0
21.11.2016;27.11.2016;11.11.2016 12:00;16.11.2016 15:00;16.11.2016 16:00;WA;1;SRL;POS_HT;1976;1976;0;0;0;0;0
21.11.2016;27.11.2016;11.11.2016 12:00;16.11.2016 15:00;16.11.2016 16:00;WA;1;SRL;POS_NT;1976;1976;0;0;0;0;0
28.11.2016;04.12.2016;18.11.2016 12:00;23.11.2016 15:00;23.11.2016 16:00;WA;1;SRL;NEG_HT;1907;1907;0;0;0;0;0
28.11.2016;04.12.2016;18.11.2016 12:00;23.11.2016 15:00;23.11.2016 16:00;WA;1;SRL;NEG_NT;1907;1907;0;0;0;0;0
28.11.2016;04.12.2016;18.11.2016 12:00;23.11.2016 15:00;23.11.2016 16:00;WA;1;SRL;POS_HT;1976;1976;0;0;0;0;0
28.11.2016;04.12.2016;18.11.2016 12:00;23.11.2016 15:00;23.11.2016 16:00;WA;1;SRL;POS_NT;1976;1976;0;0;0;0;0
05.12.2016;11.12.2016;25.11.2016 12:00;30.11.2016 15:00;30.11.2016 16:00;WA;1;SRL;NEG_HT;1907;1907;0;0;0;0;0
05.12.2016;11.12.2016;25.11.2016 12:00;30.11.2016 15:00;30.11.2016 16:00;WA;1;SRL;NEG_NT;1907;1907;0;0;0;0;0
05.12.2016;11.12.2016;25.11.2016 12:00;30.11.2016 15:00;30.11.2016 16:00;WA;1;SRL;POS_HT;1976;1976;0;0;0;0;0
05.12.2016;11.12.2016;25.11.2016 12:00;30.11.2016 15:00;30.11.2016 16:00;WA;1;SRL;POS_NT;1976;1976;0;0;0;0;0
12.12.2016;18.12.2016;02.12.2016 12:00;07.12.2016 15:00;07.12.2016 16:00;WA;1;SRL;NEG_HT;1907;1907;0;0;0;0;0
12.12.2016;18.12.2016;02.12.2016 12:00;07.12.2016 15:00;07.12.2016 16:00;WA;1;SRL;NEG_NT;1907;1907;0;0;0;0;0
12.12.2016;18.12.2016;02.12.2016 12:00;07.12.2016 15:00;07.12.2016 16:00;WA;1;SRL;POS_HT;1976;1976;0;0;0;0;0
12.12.2016;18.12.2016;02.12.2016 12:00;07.12.2016 15:00;07.12.2016 16:00;WA;1;SRL;POS_NT;1976;1976;0;0;0;0;0
19.12.2016;25.12.2016;09.12.2016 12:00;14.12.2016 15:00;14.12.2016 16:00;WA;1;SRL;NEG_HT;2250;2250;0;0;0;0;0
19.12.2016;25.12.2016;09.12.2016 12:00;14.12.2016 15:00;14.12.2016 16:00;WA;1;SRL;NEG_NT;2250;2250;0;0;0;0;0
19.12.2016;25.12.2016;09.12.2016 12:00;14.12.2016 15:00;14.12.2016 16:00;WA;1;SRL;POS_HT;1976;1976;0;0;0;0;0
19.12.2016;25.12.2016;09.12.2016 12:00;14.12.2016 15:00;14.12.2016 16:00;WA;1;SRL;POS_NT;1976;1976;0;0;0;0;0
26.12.2016;01.01.2017;16.12.2016 12:00;21.12.2016 15:00;21.12.2016 16:00;WA;1;SRL;NEG_HT;2250;2250;0;0;0;0;0
26.12.2016;01.01.2017;16.12.2016 12:00;21.12.2016 15:00;21.12.2016 16:00;WA;1;SRL;NEG_NT;2250;2250;0;0;0;0;0
26.12.2016;01.01.2017;16.12.2016 12:00;21.12.2016 15:00;21.12.2016 16:00;WA;1;SRL;POS_HT;1976;1976;0;0;0;0;0
26.12.2016;01.01.2017;16.12.2016 12:00;21.12.2016 15:00;21.12.2016 16:00;WA;1;SRL;POS_NT;1976;1976;0;0;0;0;0
26.12.2016;01.01.2017;16.12.2016 12:00;21.12.2016 15:00;21.12.2016 16:00;WA;1;SRL;NEG_HT;2250;2250;0;0;0;0;0
26.12.2016;01.01.2017;16.12.2016 12:00;21.12.2016 15:00;21.12.2016 16:00;WA;1;SRL;NEG_NT;2250;2250;0;0;0;0;0
26.12.2016;01.01.2017;16.12.2016 12:00;21.12.2016 15:00;21.12.2016 16:00;WA;1;SRL;POS_HT;1976;1976;0;0;0;0;0
26.12.2016;01.01.2017;16.12.2016 12:00;21.12.2016 15:00;21.12.2016 16:00;WA;1;SRL;POS_NT;1976;1976;0;0;0;0;0
02.01.2017;08.01.2017;23.12.2016 12:00;28.12.2016 15:00;28.12.2016 16:00;WA;1;SRL;NEG_HT;1832;1832;0;0;0;0;0
02.01.2017;08.01.2017;23.12.2016 12:00;28.12.2016 15:00;28.12.2016 16:00;WA;1;SRL;NEG_NT;1832;1832;0;0;0;0;0
02.01.2017;08.01.2017;23.12.2016 12:00;28.12.2016 15:00;28.12.2016 16:00;WA;1;SRL;POS_HT;1902;1902;0;0;0;0;0
02.01.2017;08.01.2017;23.12.2016 12:00;28.12.2016 15:00;28.12.2016 16:00;WA;1;SRL;POS_NT;1902;1902;0;0;0;0;0
09.01.2017;15.01.2017;30.12.2016 12:00;04.01.2017 15:00;04.01.2017 16:00;WA;1;SRL;NEG_HT;1832;1832;0;0;0;0;0
09.01.2017;15.01.2017;30.12.2016 12:00;04.01.2017 15:00;04.01.2017 16:00;WA;1;SRL;NEG_NT;1832;1832;0;0;0;0;0
09.01.2017;15.01.2017;30.12.2016 12:00;04.01.2017 15:00;04.01.2017 16:00;WA;1;SRL;POS_HT;1902;1902;0;0;0;0;0
09.01.2017;15.01.2017;30.12.2016 12:00;04.01.2017 15:00;04.01.2017 16:00;WA;1;SRL;POS_NT;1902;1902;0;0;0;0;0
16.01.2017;22.01.2017;06.01.2017 12:00;11.01.2017 15:00;11.01.2017 16:00;WA;1;SRL;NEG_HT;1832;1832;0;0;0;0;0
16.01.2017;22.01.2017;06.01.2017 12:00;11.01.2017 15:00;11.01.2017 16:00;WA;1;SRL;NEG_NT;1832;1832;0;0;0;0;0
16.01.2017;22.01.2017;06.01.2017 12:00;11.01.2017 15:00;11.01.2017 16:00;WA;1;SRL;POS_HT;1902;1902;0;0;0;0;0
16.01.2017;22.01.2017;06.01.2017 12:00;11.01.2017 15:00;11.01.2017 16:00;WA;1;SRL;POS_NT;1902;1902;0;0;0;0;0
23.01.2017;29.01.2017;13.01.2017 12:00;18.01.2017 15:00;18.01.2017 16:00;WA;1;SRL;NEG_HT;1832;1832;0;0;0;0;0
23.01.2017;29.01.2017;13.01.2017 12:00;18.01.2017 15:00;18.01.2017 16:00;WA;1;SRL;NEG_NT;1832;1832;0;0;0;0;0
23.01.2017;29.01.2017;13.01.2017 12:00;18.01.2017 15:00;18.01.2017 16:00;WA;1;SRL;POS_HT;1902;1902;0;0;0;0;0
23.01.2017;29.01.2017;13.01.2017 12:00;18.01.2017 15:00;18.01.2017 16:00;WA;1;SRL;POS_NT;1902;1902;0;0;0;0;0
30.01.2017;05.02.2017;20.01.2017 12:00;25.01.2017 15:00;25.01.2017 16:00;WA;1;SRL;NEG_HT;1832;1832;0;0;0;0;0
30.01.2017;05.02.2017;20.01.2017 12:00;25.01.2017 15:00;25.01.2017 16:00;WA;1;SRL;NEG_NT;1832;1832;0;0;0;0;0
30.01.2017;05.02.2017;20.01.2017 12:00;25.01.2017 15:00;25.01.2017 16:00;WA;1;SRL;POS_HT;1902;1902;0;0;0;0;0
30.01.2017;05.02.2017;20.01.2017 12:00;25.01.2017 15:00;25.01.2017 16:00;WA;1;SRL;POS_NT;1902;1902;0;0;0;0;0
06.02.2017;12.02.2017;27.01.2017 12:00;01.02.2017 15:00;01.02.2017 16:00;WA;1;SRL;NEG_HT;1832;1832;0;0;0;0;0
06.02.2017;12.02.2017;27.01.2017 12:00;01.02.2017 15:00;01.02.2017 16:00;WA;1;SRL;NEG_NT;1832;1832;0;0;0;0;0
06.02.2017;12.02.2017;27.01.2017 12:00;01.02.2017 15:00;01.02.2017 16:00;WA;1;SRL;POS_HT;1902;1902;0;0;0;0;0
06.02.2017;12.02.2017;27.01.2017 12:00;01.02.2017 15:00;01.02.2017 16:00;WA;1;SRL;POS_NT;1902;1902;0;0;0;0;0
13.02.2017;19.02.2017;03.02.2017 12:00;08.02.2017 15:00;08.02.2017 16:00;WA;1;SRL;NEG_HT;1832;1832;0;0;0;0;0
13.02.2017;19.02.2017;03.02.2017 12:00;08.02.2017 15:00;08.02.2017 16:00;WA;1;SRL;NEG_NT;1832;1832;0;0;0;0;0
13.02.2017;19.02.2017;03.02.2017 12:00;08.02.2017 15:00;08.02.2017 16:00;WA;1;SRL;POS_HT;1902;1902;0;0;0;0;0
13.02.2017;19.02.2017;03.02.2017 12:00;08.02.2017 15:00;08.02.2017 16:00;WA;1;SRL;POS_NT;1902;1902;0;0;0;0;0
20.02.2017;26.02.2017;10.02.2017 12:00;15.02.2017 15:00;15.02.2017 16:00;WA;1;SRL;NEG_HT;1832;1832;0;0;0;0;0
20.02.2017;26.02.2017;10.02.2017 12:00;15.02.2017 15:00;15.02.2017 16:00;WA;1;SRL;NEG_NT;1832;1832;0;0;0;0;0
20.02.2017;26.02.2017;10.02.2017 12:00;15.02.2017 15:00;15.02.2017 16:00;WA;1;SRL;POS_HT;1902;1902;0;0;0;0;0
20.02.2017;26.02.2017;10.02.2017 12:00;15.02.2017 15:00;15.02.2017 16:00;WA;1;SRL;POS_NT;1902;1902;0;0;0;0;0
27.02.2017;05.03.2017;17.02.2017 12:00;22.02.2017 15:00;22.02.2017 16:00;WA;1;SRL;NEG_HT;1832;1832;0;0;0;0;0
27.02.2017;05.03.2017;17.02.2017 12:00;22.02.2017 15:00;22.02.2017 16:00;WA;1;SRL;NEG_NT;1832;1832;0;0;0;0;0
27.02.2017;05.03.2017;17.02.2017 12:00;22.02.2017 15:00;22.02.2017 16:00;WA;1;SRL;POS_HT;1902;1902;0;0;0;0;0
27.02.2017;05.03.2017;17.02.2017 12:00;22.02.2017 15:00;22.02.2017 16:00;WA;1;SRL;POS_NT;1902;1902;0;0;0;0;0
06.03.2017;12.03.2017;24.02.2017 12:00;01.03.2017 15:00;01.03.2017 16:00;WA;1;SRL;NEG_HT;1832;1832;0;0;0;0;0
06.03.2017;12.03.2017;24.02.2017 12:00;01.03.2017 15:00;01.03.2017 16:00;WA;1;SRL;NEG_NT;1832;1832;0;0;0;0;0
06.03.2017;12.03.2017;24.02.2017 12:00;01.03.2017 15:00;01.03.2017 16:00;WA;1;SRL;POS_HT;1902;1902;0;0;0;0;0
06.03.2017;12.03.2017;24.02.2017 12:00;01.03.2017 15:00;01.03.2017 16:00;WA;1;SRL;POS_NT;1902;1902;0;0;0;0;0
13.03.2017;19.03.2017;03.03.2017 12:00;08.03.2017 15:00;08.03.2017 16:00;WA;1;SRL;NEG_HT;1832;1832;0;0;0;0;0
13.03.2017;19.03.2017;03.03.2017 12:00;08.03.2017 15:00;08.03.2017 16:00;WA;1;SRL;NEG_NT;1832;1832;0;0;0;0;0
13.03.2017;19.03.2017;03.03.2017 12:00;08.03.2017 15:00;08.03.2017 16:00;WA;1;SRL;POS_HT;1902;1902;0;0;0;0;0
13.03.2017;19.03.2017;03.03.2017 12:00;08.03.2017 15:00;08.03.2017 16:00;WA;1;SRL;POS_NT;1902;1902;0;0;0;0;0
20.03.2017;26.03.2017;10.03.2017 12:00;15.03.2017 15:00;15.03.2017 16:00;WA;1;SRL;NEG_HT;1832;1832;0;0;0;0;0
20.03.2017;26.03.2017;10.03.2017 12:00;15.03.2017 15:00;15.03.2017 16:00;WA;1;SRL;NEG_NT;1832;1832;0;0;0;0;0
20.03.2017;26.03.2017;10.03.2017 12:00;15.03.2017 15:00;15.03.2017 16:00;WA;1;SRL;POS_HT;1902;1902;0;0;0;0;0
20.03.2017;26.03.2017;10.03.2017 12:00;15.03.2017 15:00;15.03.2017 16:00;WA;1;SRL;POS_NT;1902;1902;0;0;0;0;0
27.03.2017;02.04.2017;17.03.2017 12:00;22.03.2017 15:00;22.03.2017 16:00;WA;1;SRL;NEG_HT;1832;1832;0;0;0;0;0
27.03.2017;02.04.2017;17.03.2017 12:00;22.03.2017 15:00;22.03.2017 16:00;WA;1;SRL;NEG_NT;1832;1832;0;0;0;0;0
27.03.2017;02.04.2017;17.03.2017 12:00;22.03.2017 15:00;22.03.2017 16:00;WA;1;SRL;POS_HT;1902;1902;0;0;0;0;0
27.03.2017;02.04.2017;17.03.2017 12:00;22.03.2017 15:00;22.03.2017 16:00;WA;1;SRL;POS_NT;1902;1902;0;0;0;0;0
03.04.2017;09.04.2017;24.03.2017 12:00;29.03.2017 15:00;29.03.2017 16:00;WA;1;SRL;NEG_HT;1846;1846;0;0;0;0;0
03.04.2017;09.04.2017;24.03.2017 12:00;29.03.2017 15:00;29.03.2017 16:00;WA;1;SRL;NEG_NT;1846;1846;0;0;0;0;0
03.04.2017;09.04.2017;24.03.2017 12:00;29.03.2017 15:00;29.03.2017 16:00;WA;1;SRL;POS_HT;1913;1913;0;0;0;0;0
03.04.2017;09.04.2017;24.03.2017 12:00;29.03.2017 15:00;29.03.2017 16:00;WA;1;SRL;POS_NT;1913;1913;0;0;0;0;0
10.04.2017;16.04.2017;31.03.2017 12:00;05.04.2017 15:00;05.04.2017 16:00;WA;1;SRL;NEG_HT;1846;1846;0;0;0;0;0
10.04.2017;16.04.2017;31.03.2017 12:00;05.04.2017 15:00;05.04.2017 16:00;WA;1;SRL;NEG_NT;1846;1846;0;0;0;0;0
10.04.2017;16.04.2017;31.03.2017 12:00;05.04.2017 15:00;05.04.2017 16:00;WA;1;SRL;POS_HT;1913;1913;0;0;0;0;0
10.04.2017;16.04.2017;31.03.2017 12:00;05.04.2017 15:00;05.04.2017 16:00;WA;1;SRL;POS_NT;1913;1913;0;0;0;0;0
17.04.2017;23.04.2017;06.04.2017 12:00;11.04.2017 15:00;11.04.2017 16:00;WA;1;SRL;NEG_HT;1846;1846;0;0;0;0;0
17.04.2017;23.04.2017;06.04.2017 12:00;11.04.2017 15:00;11.04.2017 16:00;WA;1;SRL;NEG_NT;1846;1846;0;0;0;0;0
17.04.2017;23.04.2017;06.04.2017 12:00;11.04.2017 15:00;11.04.2017 16:00;WA;1;SRL;POS_HT;1913;1913;0;0;0;0;0
17.04.2017;23.04.2017;06.04.2017 12:00;11.04.2017 15:00;11.04.2017 16:00;WA;1;SRL;POS_NT;1913;1913;0;0;0;0;0
24.04.2017;30.04.2017;14.04.2017 12:00;19.04.2017 15:00;19.04.2017 16:00;WA;1;SRL;NEG_HT;1846;1846;0;0;0;0;0
24.04.2017;30.04.2017;14.04.2017 12:00;19.04.2017 15:00;19.04.2017 16:00;WA;1;SRL;NEG_NT;1846;1846;0;0;0;0;0
24.04.2017;30.04.2017;14.04.2017 12:00;19.04.2017 15:00;19.04.2017 16:00;WA;1;SRL;POS_HT;1913;1913;0;0;0;0;0
24.04.2017;30.04.2017;14.04.2017 12:00;19.04.2017 15:00;19.04.2017 16:00;WA;1;SRL;POS_NT;1913;1913;0;0;0;0;0
01.05.2017;07.05.2017;20.04.2017 12:00;25.04.2017 15:00;25.04.2017 16:00;WA;1;SRL;NEG_HT;1846;1846;0;0;0;0;0
01.05.2017;07.05.2017;20.04.2017 12:00;25.04.2017 15:00;25.04.2017 16:00;WA;1;SRL;NEG_NT;1846;1846;0;0;0;0;0
01.05.2017;07.05.2017;20.04.2017 12:00;25.04.2017 15:00;25.04.2017 16:00;WA;1;SRL;POS_HT;1913;1913;0;0;0;0;0
01.05.2017;07.05.2017;20.04.2017 12:00;25.04.2017 15:00;25.04.2017 16:00;WA;1;SRL;POS_NT;1913;1913;0;0;0;0;0
08.05.2017;14.05.2017;28.04.2017 12:00;03.05.2017 15:00;03.05.2017 16:00;WA;1;SRL;NEG_HT;1846;1846;0;0;0;0;0
08.05.2017;14.05.2017;28.04.2017 12:00;03.05.2017 15:00;03.05.2017 16:00;WA;1;SRL;NEG_NT;1846;1846;0;0;0;0;0
08.05.2017;14.05.2017;28.04.2017 12:00;03.05.2017 15:00;03.05.2017 16:00;WA;1;SRL;POS_HT;1913;1913;0;0;0;0;0
08.05.2017;14.05.2017;28.04.2017 12:00;03.05.2017 15:00;03.05.2017 16:00;WA;1;SRL;POS_NT;1913;1913;0;0;0;0;0
15.05.2017;21.05.2017;05.05.2017 12:00;10.05.2017 15:00;10.05.2017 16:00;WA;1;SRL;NEG_HT;1846;1846;0;0;0;0;0
15.05.2017;21.05.2017;05.05.2017 12:00;10.05.2017 15:00;10.05.2017 16:00;WA;1;SRL;NEG_NT;1846;1846;0;0;0;0;0
15.05.2017;21.05.2017;05.05.2017 12:00;10.05.2017 15:00;10.05.2017 16:00;WA;1;SRL;POS_HT;1913;1913;0;0;0;0;0
15.05.2017;21.05.2017;05.05.2017 12:00;10.05.2017 15:00;10.05.2017 16:00;WA;1;SRL;POS_NT;1913;1913;0;0;0;0;0
22.05.2017;28.05.2017;12.05.2017 12:00;17.05.2017 15:00;17.05.2017 16:00;WA;1;SRL;NEG_HT;1846;1846;0;0;0;0;0
22.05.2017;28.05.2017;12.05.2017 12:00;17.05.2017 15:00;17.05.2017 16:00;WA;1;SRL;NEG_NT;1846;1846;0;0;0;0;0
22.05.2017;28.05.2017;12.05.2017 12:00;17.05.2017 15:00;17.05.2017 16:00;WA;1;SRL;POS_HT;1913;1913;0;0;0;0;0
22.05.2017;28.05.2017;12.05.2017 12:00;17.05.2017 15:00;17.05.2017 16:00;WA;1;SRL;POS_NT;1913;1913;0;0;0;0;0
29.05.2017;04.06.2017;18.05.2017 12:00;23.05.2017 15:00;23.05.2017 16:00;WA;1;SRL;NEG_HT;1846;1846;0;0;0;0;0
29.05.2017;04.06.2017;18.05.2017 12:00;23.05.2017 15:00;23.05.2017 16:00;WA;1;SRL;NEG_NT;1846;1846;0;0;0;0;0
29.05.2017;04.06.2017;18.05.2017 12:00;23.05.2017 15:00;23.05.2017 16:00;WA;1;SRL;POS_HT;1913;1913;0;0;0;0;0
29.05.2017;04.06.2017;18.05.2017 12:00;23.05.2017 15:00;23.05.2017 16:00;WA;1;SRL;POS_NT;1913;1913;0;0;0;0;0
05.06.2017;11.06.2017;26.05.2017 12:00;31.05.2017 15:00;31.05.2017 16:00;WA;1;SRL;NEG_HT;1846;1846;0;0;0;0;0
05.06.2017;11.06.2017;26.05.2017 12:00;31.05.2017 15:00;31.05.2017 16:00;WA;1;SRL;NEG_NT;1846;1846;0;0;0;0;0
05.06.2017;11.06.2017;26.05.2017 12:00;31.05.2017 15:00;31.05.2017 16:00;WA;1;SRL;POS_HT;1913;1913;0;0;0;0;0
05.06.2017;11.06.2017;26.05.2017 12:00;31.05.2017 15:00;31.05.2017 16:00;WA;1;SRL;POS_NT;1913;1913;0;0;0;0;0
12.06.2017;18.06.2017;02.06.2017 12:00;07.06.2017 15:00;07.06.2017 16:00;WA;1;SRL;NEG_HT;1846;1846;0;0;0;0;0
12.06.2017;18.06.2017;02.06.2017 12:00;07.06.2017 15:00;07.06.2017 16:00;WA;1;SRL;NEG_NT;1846;1846;0;0;0;0;0
12.06.2017;18.06.2017;02.06.2017 12:00;07.06.2017 15:00;07.06.2017 16:00;WA;1;SRL;POS_HT;1913;1913;0;0;0;0;0
12.06.2017;18.06.2017;02.06.2017 12:00;07.06.2017 15:00;07.06.2017 16:00;WA;1;SRL;POS_NT;1913;1913;0;0;0;0;0
19.06.2017;25.06.2017;08.06.2017 12:00;13.06.2017 15:00;13.06.2017 16:00;WA;1;SRL;NEG_HT;1846;1846;0;0;0;0;0
19.06.2017;25.06.2017;08.06.2017 12:00;13.06.2017 15:00;13.06.2017 16:00;WA;1;SRL;NEG_NT;1846;1846;0;0;0;0;0
19.06.2017;25.06.2017;08.06.2017 12:00;13.06.2017 15:00;13.06.2017 16:00;WA;1;SRL;POS_HT;1913;1913;0;0;0;0;0
19.06.2017;25.06.2017;08.06.2017 12:00;13.06.2017 15:00;13.06.2017 16:00;WA;1;SRL;POS_NT;1913;1913;0;0;0;0;0
26.06.2017;02.07.2017;16.06.2017 12:00;21.06.2017 15:00;21.06.2017 16:00;WA;1;SRL;NEG_HT;1846;1846;0;0;0;0;0
26.06.2017;02.07.2017;16.06.2017 12:00;21.06.2017 15:00;21.06.2017 16:00;WA;1;SRL;NEG_NT;1846;1846;0;0;0;0;0
26.06.2017;02.07.2017;16.06.2017 12:00;21.06.2017 15:00;21.06.2017 16:00;WA;1;SRL;POS_HT;1913;1913;0;0;0;0;0
26.06.2017;02.07.2017;16.06.2017 12:00;21.06.2017 15:00;21.06.2017 16:00;WA;1;SRL;POS_NT;1913;1913;0;0;0;0;0
03.07.2017;09.07.2017;23.06.2017 12:00;28.06.2017 15:00;28.06.2017 16:00;WA;1;SRL;NEG_HT;1844;1844;0;0;0;0;0
03.07.2017;09.07.2017;23.06.2017 12:00;28.06.2017 15:00;28.06.2017 16:00;WA;1;SRL;NEG_NT;1844;1844;0;0;0;0;0
03.07.2017;09.07.2017;23.06.2017 12:00;28.06.2017 15:00;28.06.2017 16:00;WA;1;SRL;POS_HT;1920;1920;0;0;0;0;0
03.07.2017;09.07.2017;23.06.2017 12:00;28.06.2017 15:00;28.06.2017 16:00;WA;1;SRL;POS_NT;1920;1920;0;0;0;0;0
10.07.2017;16.07.2017;30.06.2017 12:00;05.07.2017 15:00;05.07.2017 16:00;WA;1;SRL;NEG_HT;1844;1844;0;0;0;0;0
10.07.2017;16.07.2017;30.06.2017 12:00;05.07.2017 15:00;05.07.2017 16:00;WA;1;SRL;NEG_NT;1844;1844;0;0;0;0;0
10.07.2017;16.07.2017;30.06.2017 12:00;05.07.2017 15:00;05.07.2017 16:00;WA;1;SRL;POS_HT;1920;1920;0;0;0;0;0
10.07.2017;16.07.2017;30.06.2017 12:00;05.07.2017 15:00;05.07.2017 16:00;WA;1;SRL;POS_NT;1920;1920;0;0;0;0;0
17.07.2017;23.07.2017;07.07.2017 12:00;12.07.2017 15:00;12.07.2017 16:00;WA;1;SRL;NEG_HT;1844;1844;0;0;0;0;0
17.07.2017;23.07.2017;07.07.2017 12:00;12.07.2017 15:00;12.07.2017 16:00;WA;1;SRL;NEG_NT;1844;1844;0;0;0;0;0
17.07.2017;23.07.2017;07.07.2017 12:00;12.07.2017 15:00;12.07.2017 16:00;WA;1;SRL;POS_HT;1920;1920;0;0;0;0;0
17.07.2017;23.07.2017;07.07.2017 12:00;12.07.2017 15:00;12.07.2017 16:00;WA;1;SRL;POS_NT;1920;1920;0;0;0;0;0
24.07.2017;30.07.2017;14.07.2017 12:00;19.07.2017 15:00;19.07.2017 16:00;WA;1;SRL;NEG_HT;1844;1844;0;0;0;0;0
24.07.2017;30.07.2017;14.07.2017 12:00;19.07.2017 15:00;19.07.2017 16:00;WA;1;SRL;NEG_NT;1844;1844;0;0;0;0;0
24.07.2017;30.07.2017;14.07.2017 12:00;19.07.2017 15:00;19.07.2017 16:00;WA;1;SRL;POS_HT;1920;1920;0;0;0;0;0
24.07.2017;30.07.2017;14.07.2017 12:00;19.07.2017 15:00;19.07.2017 16:00;WA;1;SRL;POS_NT;1920;1920;0;0;0;0;0
31.07.2017;06.08.2017;21.07.2017 12:00;26.07.2017 15:00;26.07.2017 16:00;WA;1;SRL;NEG_HT;1844;1844;0;0;0;0;0
31.07.2017;06.08.2017;21.07.2017 12:00;26.07.2017 15:00;26.07.2017 16:00;WA;1;SRL;NEG_NT;1844;1844;0;0;0;0;0
31.07.2017;06.08.2017;21.07.2017 12:00;26.07.2017 15:00;26.07.2017 16:00;WA;1;SRL;POS_HT;1920;1920;0;0;0;0;0
31.07.2017;06.08.2017;21.07.2017 12:00;26.07.2017 15:00;26.07.2017 16:00;WA;1;SRL;POS_NT;1920;1920;0;0;0;0;0
07.08.2017;13.08.2017;28.07.2017 12:00;03.08.2017 15:00;03.08.2017 16:00;WA;1;SRL;NEG_HT;1844;1844;0;0;0;0;0
07.08.2017;13.08.2017;28.07.2017 12:00;03.08.2017 15:00;03.08.2017 16:00;WA;1;SRL;NEG_NT;1844;1844;0;0;0;0;0
07.08.2017;13.08.2017;28.07.2017 12:00;03.08.2017 15:00;03.08.2017 16:00;WA;1;SRL;POS_HT;1920;1920;0;0;0;0;0
07.08.2017;13.08.2017;28.07.2017 12:00;03.08.2017 15:00;03.08.2017 16:00;WA;1;SRL;POS_NT;1920;1920;0;0;0;0;0
14.08.2017;20.08.2017;04.08.2017 12:00;09.08.2017 15:00;09.08.2017 16:00;WA;1;SRL;NEG_HT;1844;1844;0;0;0;0;0
14.08.2017;20.08.2017;04.08.2017 12:00;09.08.2017 15:00;09.08.2017 16:00;WA;1;SRL;NEG_NT;1844;1844;0;0;0;0;0
14.08.2017;20.08.2017;04.08.2017 12:00;09.08.2017 15:00;09.08.2017 16:00;WA;1;SRL;POS_HT;1920;1920;0;0;0;0;0
14.08.2017;20.08.2017;04.08.2017 12:00;09.08.2017 15:00;09.08.2017 16:00;WA;1;SRL;POS_NT;1920;1920;0;0;0;0;0
21.08.2017;27.08.2017;11.08.2017 12:00;17.08.2017 15:00;17.08.2017 16:00;WA;1;SRL;NEG_HT;1844;1844;0;0;0;0;0
21.08.2017;27.08.2017;11.08.2017 12:00;17.08.2017 15:00;17.08.2017 16:00;WA;1;SRL;NEG_NT;1844;1844;0;0;0;0;0
21.08.2017;27.08.2017;11.08.2017 12:00;17.08.2017 15:00;17.08.2017 16:00;WA;1;SRL;POS_HT;1920;1920;0;0;0;0;0
21.08.2017;27.08.2017;11.08.2017 12:00;17.08.2017 15:00;17.08.2017 16:00;WA;1;SRL;POS_NT;1920;1920;0;0;0;0;0
28.08.2017;03.09.2017;18.08.2017 12:00;23.08.2017 15:00;23.08.2017 16:00;WA;1;SRL;NEG_HT;1844;1844;0;0;0;0;0
28.08.2017;03.09.2017;18.08.2017 12:00;23.08.2017 15:00;23.08.2017 16:00;WA;1;SRL;NEG_NT;1844;1844;0;0;0;0;0
28.08.2017;03.09.2017;18.08.2017 12:00;23.08.2017 15:00;23.08.2017 16:00;WA;1;SRL;POS_HT;1920;1920;0;0;0;0;0
28.08.2017;03.09.2017;18.08.2017 12:00;23.08.2017 15:00;23.08.2017 16:00;WA;1;SRL;POS_NT;1920;1920;0;0;0;0;0
04.09.2017;10.09.2017;25.08.2017 12:00;30.08.2017 15:00;30.08.2017 16:00;WA;1;SRL;NEG_HT;1844;1844;0;0;0;0;0
04.09.2017;10.09.2017;25.08.2017 12:00;30.08.2017 15:00;30.08.2017 16:00;WA;1;SRL;NEG_NT;1844;1844;0;0;0;0;0
04.09.2017;10.09.2017;25.08.2017 12:00;30.08.2017 15:00;30.08.2017 16:00;WA;1;SRL;POS_HT;1920;1920;0;0;0;0;0
04.09.2017;10.09.2017;25.08.2017 12:00;30.08.2017 15:00;30.08.2017 16:00;WA;1;SRL;POS_NT;1920;1920;0;0;0;0;0
11.09.2017;17.09.2017;01.09.2017 12:00;06.09.2017 15:00;06.09.2017 16:00;WA;1;SRL;NEG_HT;1844;1844;0;0;0;0;0
11.09.2017;17.09.2017;01.09.2017 12:00;06.09.2017 15:00;06.09.2017 16:00;WA;1;SRL;NEG_NT;1844;1844;0;0;0;0;0
11.09.2017;17.09.2017;01.09.2017 12:00;06.09.2017 15:00;06.09.2017 16:00;WA;1;SRL;POS_HT;1920;1920;0;0;0;0;0
11.09.2017;17.09.2017;01.09.2017 12:00;06.09.2017 15:00;06.09.2017 16:00;WA;1;SRL;POS_NT;1920;1920;0;0;0;0;0
18.09.2017;24.09.2017;08.09.2017 12:00;13.09.2017 15:00;13.09.2017 16:00;WA;1;SRL;NEG_HT;1844;1844;0;0;0;0;0
18.09.2017;24.09.2017;08.09.2017 12:00;13.09.2017 15:00;13.09.2017 16:00;WA;1;SRL;NEG_NT;1844;1844;0;0;0;0;0
18.09.2017;24.09.2017;08.09.2017 12:00;13.09.2017 15:00;13.09.2017 16:00;WA;1;SRL;POS_HT;1920;1920;0;0;0;0;0
18.09.2017;24.09.2017;08.09.2017 12:00;13.09.2017 15:00;13.09.2017 16:00;WA;1;SRL;POS_NT;1920;1920;0;0;0;0;0
25.09.2017;01.10.2017;15.09.2017 12:00;20.09.2017 15:00;20.09.2017 16:00;WA;1;SRL;NEG_HT;1844;1844;0;0;0;0;0
25.09.2017;01.10.2017;15.09.2017 12:00;20.09.2017 15:00;20.09.2017 16:00;WA;1;SRL;NEG_NT;1844;1844;0;0;0;0;0
25.09.2017;01.10.2017;15.09.2017 12:00;20.09.2017 15:00;20.09.2017 16:00;WA;1;SRL;POS_HT;1920;1920;0;0;0;0;0
25.09.2017;01.10.2017;15.09.2017 12:00;20.09.2017 15:00;20.09.2017 16:00;WA;1;SRL;POS_NT;1920;1920;0;0;0;0;0
02.10.2017;08.10.2017;22.09.2017 12:00;27.09.2017 15:00;27.09.2017 16:00;WA;1;SRL;NEG_HT;1818;1818;0;0;0;0;0
02.10.2017;08.10.2017;22.09.2017 12:00;27.09.2017 15:00;27.09.2017 16:00;WA;1;SRL;NEG_NT;1818;1818;0;0;0;0;0
02.10.2017;08.10.2017;22.09.2017 12:00;27.09.2017 15:00;27.09.2017 16:00;WA;1;SRL;POS_HT;1890;1890;0;0;0;0;0
02.10.2017;08.10.2017;22.09.2017 12:00;27.09.2017 15:00;27.09.2017 16:00;WA;1;SRL;POS_NT;1890;1890;0;0;0;0;0
09.10.2017;15.10.2017;29.09.2017 12:00;05.10.2017 15:00;05.10.2017 16:00;WA;1;SRL;NEG_HT;1818;1818;0;0;0;0;0
09.10.2017;15.10.2017;29.09.2017 12:00;05.10.2017 15:00;05.10.2017 16:00;WA;1;SRL;NEG_NT;1818;1818;0;0;0;0;0
09.10.2017;15.10.2017;29.09.2017 12:00;05.10.2017 15:00;05.10.2017 16:00;WA;1;SRL;POS_HT;1890;1890;0;0;0;0;0
09.10.2017;15.10.2017;29.09.2017 12:00;05.10.2017 15:00;05.10.2017 16:00;WA;1;SRL;POS_NT;1890;1890;0;0;0;0;0
16.10.2017;22.10.2017;06.10.2017 12:00;11.10.2017 15:00;11.10.2017 16:00;WA;1;SRL;NEG_HT;1818;1818;0;0;0;0;0
16.10.2017;22.10.2017;06.10.2017 12:00;11.10.2017 15:00;11.10.2017 16:00;WA;1;SRL;NEG_NT;1818;1818;0;0;0;0;0
16.10.2017;22.10.2017;06.10.2017 12:00;11.10.2017 15:00;11.10.2017 16:00;WA;1;SRL;POS_HT;1890;1890;0;0;0;0;0
16.10.2017;22.10.2017;06.10.2017 12:00;11.10.2017 15:00;11.10.2017 16:00;WA;1;SRL;POS_NT;1890;1890;0;0;0;0;0
23.10.2017;29.10.2017;13.10.2017 12:00;18.10.2017 15:00;18.10.2017 16:00;WA;1;SRL;NEG_HT;1818;1818;0;0;0;0;0
23.10.2017;29.10.2017;13.10.2017 12:00;18.10.2017 15:00;18.10.2017 16:00;WA;1;SRL;NEG_NT;1818;1818;0;0;0;0;0
23.10.2017;29.10.2017;13.10.2017 12:00;18.10.2017 15:00;18.10.2017 16:00;WA;1;SRL;POS_HT;1890;1890;0;0;0;0;0
23.10.2017;29.10.2017;13.10.2017 12:00;18.10.2017 15:00;18.10.2017 16:00;WA;1;SRL;POS_NT;1890;1890;0;0;0;0;0
30.10.2017;05.11.2017;19.10.2017 12:00;24.10.2017 15:00;24.10.2017 16:00;WA;1;SRL;NEG_HT;1818;1818;0;0;0;0;0
30.10.2017;05.11.2017;19.10.2017 12:00;24.10.2017 15:00;24.10.2017 16:00;WA;1;SRL;NEG_NT;1818;1818;0;0;0;0;0
30.10.2017;05.11.2017;19.10.2017 12:00;24.10.2017 15:00;24.10.2017 16:00;WA;1;SRL;POS_HT;1890;1890;0;0;0;0;0
30.10.2017;05.11.2017;19.10.2017 12:00;24.10.2017 15:00;24.10.2017 16:00;WA;1;SRL;POS_NT;1890;1890;0;0;0;0;0
06.11.2017;12.11.2017;27.10.2017 12:00;02.11.2017 15:00;02.11.2017 16:00;WA;1;SRL;NEG_HT;1818;1818;0;0;0;0;0
06.11.2017;12.11.2017;27.10.2017 12:00;02.11.2017 15:00;02.11.2017 16:00;WA;1;SRL;NEG_NT;1818;1818;0;0;0;0;0
06.11.2017;12.11.2017;27.10.2017 12:00;02.11.2017 15:00;02.11.2017 16:00;WA;1;SRL;POS_HT;1890;1890;0;0;0;0;0
06.11.2017;12.11.2017;27.10.2017 12:00;02.11.2017 15:00;02.11.2017 16:00;WA;1;SRL;POS_NT;1890;1890;0;0;0;0;0
13.11.2017;19.11.2017;03.11.2017 12:00;08.11.2017 15:00;08.11.2017 16:00;WA;1;SRL;NEG_HT;1818;1818;0;0;0;0;0
13.11.2017;19.11.2017;03.11.2017 12:00;08.11.2017 15:00;08.11.2017 16:00;WA;1;SRL;NEG_NT;1818;1818;0;0;0;0;0
13.11.2017;19.11.2017;03.11.2017 12:00;08.11.2017 15:00;08.11.2017 16:00;WA;1;SRL;POS_HT;1890;1890;0;0;0;0;0
13.11.2017;19.11.2017;03.11.2017 12:00;08.11.2017 15:00;08.11.2017 16:00;WA;1;SRL;POS_NT;1890;1890;0;0;0;0;0
20.11.2017;26.11.2017;10.11.2017 12:00;15.11.2017 15:00;15.11.2017 16:00;WA;1;SRL;NEG_HT;1818;1818;0;0;0;0;0
20.11.2017;26.11.2017;10.11.2017 12:00;15.11.2017 15:00;15.11.2017 16:00;WA;1;SRL;NEG_NT;1818;1818;0;0;0;0;0
20.11.2017;26.11.2017;10.11.2017 12:00;15.11.2017 15:00;15.11.2017 16:00;WA;1;SRL;POS_HT;1890;1890;0;0;0;0;0
20.11.2017;26.11.2017;10.11.2017 12:00;15.11.2017 15:00;15.11.2017 16:00;WA;1;SRL;POS_NT;1890;1890;0;0;0;0;0
27.11.2017;03.12.2017;17.11.2017 12:00;22.11.2017 15:00;22.11.2017 16:00;WA;1;SRL;NEG_HT;1818;1818;0;0;0;0;0
27.11.2017;03.12.2017;17.11.2017 12:00;22.11.2017 15:00;22.11.2017 16:00;WA;1;SRL;NEG_NT;1818;1818;0;0;0;0;0
27.11.2017;03.12.2017;17.11.2017 12:00;22.11.2017 15:00;22.11.2017 16:00;WA;1;SRL;POS_HT;1890;1890;0;0;0;0;0
27.11.2017;03.12.2017;17.11.2017 12:00;22.11.2017 15:00;22.11.2017 16:00;WA;1;SRL;POS_NT;1890;1890;0;0;0;0;0
04.12.2017;10.12.2017;24.11.2017 12:00;29.11.2017 15:00;29.11.2017 16:00;WA;1;SRL;NEG_HT;1818;1818;0;0;0;0;0
04.12.2017;10.12.2017;24.11.2017 12:00;29.11.2017 15:00;29.11.2017 16:00;WA;1;SRL;NEG_NT;1818;1818;0;0;0;0;0
04.12.2017;10.12.2017;24.11.2017 12:00;29.11.2017 15:00;29.11.2017 16:00;WA;1;SRL;POS_HT;1890;1890;0;0;0;0;0
04.12.2017;10.12.2017;24.11.2017 12:00;29.11.2017 15:00;29.11.2017 16:00;WA;1;SRL;POS_NT;1890;1890;0;0;0;0;0
11.12.2017;17.12.2017;01.12.2017 12:00;06.12.2017 15:00;06.12.2017 16:00;WA;1;SRL;NEG_HT;1818;1818;0;0;0;0;0
11.12.2017;17.12.2017;01.12.2017 12:00;06.12.2017 15:00;06.12.2017 16:00;WA;1;SRL;NEG_NT;1818;1818;0;0;0;0;0
11.12.2017;17.12.2017;01.12.2017 12:00;06.12.2017 15:00;06.12.2017 16:00;WA;1;SRL;POS_HT;1890;1890;0;0;0;0;0
11.12.2017;17.12.2017;01.12.2017 12:00;06.12.2017 15:00;06.12.2017 16:00;WA;1;SRL;POS_NT;1890;1890;0;0;0;0;0
18.12.2017;24.12.2017;08.12.2017 12:00;13.12.2017 15:00;13.12.2017 16:00;WA;1;SRL;NEG_HT;1818;1818;0;0;0;0;0
18.12.2017;24.12.2017;08.12.2017 12:00;13.12.2017 15:00;13.12.2017 16:00;WA;1;SRL;NEG_NT;1818;1818;0;0;0;0;0
18.12.2017;24.12.2017;08.12.2017 12:00;13.12.2017 15:00;13.12.2017 16:00;WA;1;SRL;POS_HT;1890;1890;0;0;0;0;0
18.12.2017;24.12.2017;08.12.2017 12:00;13.12.2017 15:00;13.12.2017 16:00;WA;1;SRL;POS_NT;1890;1890;0;0;0;0;0
25.12.2017;31.12.2017;15.12.2017 12:00;20.12.2017 15:00;20.12.2017 16:00;WA;1;SRL;NEG_HT;1818;1818;0;0;0;0;0
25.12.2017;31.12.2017;15.12.2017 12:00;20.12.2017 15:00;20.12.2017 16:00;WA;1;SRL;NEG_NT;1818;1818;0;0;0;0;0
25.12.2017;31.12.2017;15.12.2017 12:00;20.12.2017 15:00;20.12.2017 16:00;WA;1;SRL;POS_HT;1890;1890;0;0;0;0;0
25.12.2017;31.12.2017;15.12.2017 12:00;20.12.2017 15:00;20.12.2017 16:00;WA;1;SRL;POS_NT;1890;1890;0;0;0;0;0
